-3.473155898973345757e-03,2.778359688818454742e-02,7.790912985801696777e-01,9.996395111083984375e-01,1.466187648475170135e-02,-2.248543128371238708e-02,-4.461546486709266901e-04,4.561240971088409424e-02,-3.287867829203605652e-02,-9.989427775144577026e-02,1.269566565752029419e-01,-1.645155251026153564e-01,-6.756453216075897217e-02,1.882092207670211792e-01,-2.188530564308166504e-01,-5.115714669227600098e-01,1.210439875721931458e-01,-1.772409379482269287e-01,2.009681612253189087e-01,7.222473621368408203e-02,-5.751207843422889709e-02,1.427960693836212158e-01,-3.974778205156326294e-02,2.077110260725021362e-01,-6.517321467399597168e-01,1.118165731430053711e+00,1.148259788751602173e-01,-1.042838953435420990e-02,1.644106805324554443e-01,8.398929610848426819e-03,-2.231277972459793091e-01,7.145863771438598633e-01,1.058213949203491211e+00,-4.855636507272720337e-02,-4.735052213072776794e-02,-1.570787429809570312e-01
-3.526058513671159744e-03,2.799440175294876099e-02,7.791303992271423340e-01,9.996370077133178711e-01,1.559348590672016144e-02,-2.123725041747093201e-02,5.632116459310054779e-03,4.137157276272773743e-02,-3.749212250113487244e-02,-1.085779145359992981e-01,1.252073645591735840e-01,-1.614156216382980347e-01,-6.728754937648773193e-02,1.891804039478302002e-01,-2.226552367210388184e-01,-5.211590528488159180e-01,1.242472901940345764e-01,-1.786038875579833984e-01,2.040823251008987427e-01,7.772498577833175659e-02,-5.837649852037429810e-02,1.424534320831298828e-01,-3.805218636989593506e-02,2.084014862775802612e-01,-6.434749960899353027e-01,1.116229295730590820e+00,1.184218227863311768e-01,-9.509335272014141083e-03,1.625973284244537354e-01,4.675809759646654129e-03,-2.274383604526519775e-01,7.169672250747680664e-01,1.051771640777587891e+00,-5.077436566352844238e-02,-4.657074809074401855e-02,-1.586207747459411621e-01
-3.516430733725428581e-03,2.839040383696556091e-02,7.790259718894958496e-01,9.995802640914916992e-01,1.659663021564483643e-02,-2.026338875293731689e-02,1.238053757697343826e-02,3.756359592080116272e-02,-4.307682067155838013e-02,-1.200502589344978333e-01,1.241064146161079407e-01,-1.579492688179016113e-01,-6.718090176582336426e-02,1.913096755743026733e-01,-2.275985181331634521e-01,-5.337776541709899902e-01,1.284117400646209717e-01,-1.808818578720092773e-01,2.070681750774383545e-01,8.277900516986846924e-02,-5.899508297443389893e-02,1.429727375507354736e-01,-3.505156561732292175e-02,2.087064534425735474e-01,-6.345167160034179688e-01,1.114648699760437012e+00,1.248124837875366211e-01,-9.347151964902877808e-03,1.622578948736190796e-01,1.646031159907579422e-03,-2.329662144184112549e-01,7.211760282516479492e-01,1.045511364936828613e+00,-5.107815563678741455e-02,-4.582242667675018311e-02,-1.605790108442306519e-01
-3.422859124839305878e-03,2.888099849224090576e-02,7.788701653480529785e-01,9.994667768478393555e-01,1.757234707474708557e-02,-1.944847404956817627e-02,1.947224698960781097e-02,3.419282287359237671e-02,-4.865320026874542236e-02,-1.318656802177429199e-01,1.232586055994033813e-01,-1.549986898899078369e-01,-6.724820286035537720e-02,1.938985586166381836e-01,-2.324170023202896118e-01,-5.465809106826782227e-01,1.328280866146087646e-01,-1.837166398763656616e-01,2.093799859285354614e-01,8.820649236440658569e-02,-5.943925678730010986e-02,1.439375579357147217e-01,-3.098884597420692444e-02,2.087379693984985352e-01,-6.260463595390319824e-01,1.113002538681030273e+00,1.299475431442260742e-01,-8.183032274246215820e-03,1.627269983291625977e-01,-1.633799751289188862e-03,-2.389602363109588623e-01,7.269108891487121582e-01,1.040114998817443848e+00,-5.146070569753646851e-02,-4.515218362212181091e-02,-1.626832932233810425e-01
-3.280658973380923271e-03,2.940475754439830780e-02,7.787100672721862793e-01,9.993046522140502930e-01,1.844738610088825226e-02,-1.862203702330589294e-02,2.651623077690601349e-02,3.084030933678150177e-02,-5.376567691564559937e-02,-1.430694311857223511e-01,1.227349042892456055e-01,-1.523888111114501953e-01,-6.714390218257904053e-02,1.964733451604843140e-01,-2.366329878568649292e-01,-5.585194826126098633e-01,1.368856579065322876e-01,-1.862354278564453125e-01,2.113184481859207153e-01,9.409715235233306885e-02,-5.952870845794677734e-02,1.448322385549545288e-01,-2.755596674978733063e-02,2.082658261060714722e-01,-6.188621520996093750e-01,1.111776113510131836e+00,1.325677037239074707e-01,-7.193259429186582565e-03,1.640301495790481567e-01,-4.538724664598703384e-03,-2.448870241641998291e-01,7.332643270492553711e-01,1.035821437835693359e+00,-5.282338336110115051e-02,-4.428587108850479126e-02,-1.636353582143783569e-01
-3.080390859395265579e-03,3.001735545694828033e-02,7.785739302635192871e-01,9.990901350975036621e-01,1.925844140350818634e-02,-1.760780252516269684e-02,3.373473882675170898e-02,2.684780955314636230e-02,-5.885433778166770935e-02,-1.547059565782546997e-01,1.222900375723838806e-01,-1.495767086744308472e-01,-6.716434657573699951e-02,1.991835832595825195e-01,-2.404569685459136963e-01,-5.708186030387878418e-01,1.402601450681686401e-01,-1.882258802652359009e-01,2.133063822984695435e-01,1.004863604903221130e-01,-5.920558050274848938e-02,1.455542296171188354e-01,-2.462607808411121368e-02,2.075507938861846924e-01,-6.125568151473999023e-01,1.110161185264587402e+00,1.348806619644165039e-01,-6.630911957472562790e-03,1.653729379177093506e-01,-7.371628656983375549e-03,-2.509949505329132080e-01,7.408003211021423340e-01,1.032936573028564453e+00,-5.483930930495262146e-02,-4.349859058856964111e-02,-1.636832952499389648e-01
-2.878968371078372002e-03,3.059904277324676514e-02,7.784911394119262695e-01,9.988330602645874023e-01,1.992142386734485626e-02,-1.643478497862815857e-02,4.081097245216369629e-02,2.240984141826629639e-02,-6.374866515398025513e-02,-1.664416044950485229e-01,1.218595206737518311e-01,-1.467772126197814941e-01,-6.763184815645217896e-02,2.017798572778701782e-01,-2.434775084257125854e-01,-5.827639102935791016e-01,1.423675864934921265e-01,-1.894321739673614502e-01,2.153846472501754761e-01,1.072029769420623779e-01,-5.844600498676300049e-02,1.460968405008316040e-01,-2.213137038052082062e-02,2.071955353021621704e-01,-6.064116358757019043e-01,1.107898354530334473e+00,1.370080858469009399e-01,-6.837779190391302109e-03,1.664983481168746948e-01,-1.042161509394645691e-02,-2.568279802799224854e-01,7.483235001564025879e-01,1.031682491302490234e+00,-5.840000882744789124e-02,-4.307609423995018005e-02,-1.627594530582427979e-01
-2.677358221262693405e-03,3.112794458866119385e-02,7.784357070922851562e-01,9.985159635543823242e-01,2.046268247067928314e-02,-1.490806788206100464e-02,4.821771383285522461e-02,1.695692725479602814e-02,-6.861116737127304077e-02,-1.786970347166061401e-01,1.212931573390960693e-01,-1.438806205987930298e-01,-6.869903951883316040e-02,2.042802572250366211e-01,-2.455777525901794434e-01,-5.947211980819702148e-01,1.430980712175369263e-01,-1.900807172060012817e-01,2.174103409051895142e-01,1.139686703681945801e-01,-5.745761096477508545e-02,1.462267339229583740e-01,-2.031173370778560638e-02,2.074732631444931030e-01,-5.999606847763061523e-01,1.105139970779418945e+00,1.382014602422714233e-01,-7.840359583497047424e-03,1.675249934196472168e-01,-1.357230171561241150e-02,-2.624364495277404785e-01,7.556958794593811035e-01,1.031436204910278320e+00,-6.156447902321815491e-02,-4.310446232557296753e-02,-1.609409898519515991e-01
-2.563995542004704475e-03,3.181923180818557739e-02,7.783656120300292969e-01,9.981139302253723145e-01,2.093618549406528473e-02,-1.314151845872402191e-02,5.619179084897041321e-02,1.081784348934888840e-02,-7.368869334459304810e-02,-1.920849978923797607e-01,1.205220893025398254e-01,-1.406810730695724487e-01,-7.035870105028152466e-02,2.069117426872253418e-01,-2.473661452531814575e-01,-6.079741716384887695e-01,1.434427350759506226e-01,-1.906284540891647339e-01,2.195241600275039673e-01,1.205283030867576599e-01,-5.647077411413192749e-02,1.461127996444702148e-01,-1.852056384086608887e-02,2.082488238811492920e-01,-5.936827063560485840e-01,1.102429151535034180e+00,1.379365473985671997e-01,-9.328459389507770538e-03,1.683288812637329102e-01,-1.660541817545890808e-02,-2.675854265689849854e-01,7.629362344741821289e-01,1.031193971633911133e+00,-6.332788616418838501e-02,-4.328206926584243774e-02,-1.580915302038192749e-01
-2.377151511609554291e-03,3.232781961560249329e-02,7.782964706420898438e-01,9.976265430450439453e-01,2.140281721949577332e-02,-1.131311617791652679e-02,6.446077674627304077e-02,4.699820186942815781e-03,-7.889387756586074829e-02,-2.061600387096405029e-01,1.195470094680786133e-01,-1.374488323926925659e-01,-7.248270511627197266e-02,2.095218747854232788e-01,-2.491924315690994263e-01,-6.218971610069274902e-01,1.441327333450317383e-01,-1.915893256664276123e-01,2.213113307952880859e-01,1.271363794803619385e-01,-5.557020381093025208e-02,1.461440473794937134e-01,-1.725829765200614929e-02,2.093109190464019775e-01,-5.876179933547973633e-01,1.100098609924316406e+00,1.363782733678817749e-01,-1.083750650286674500e-02,1.695198118686676025e-01,-1.931701414287090302e-02,-2.720701396465301514e-01,7.697741985321044922e-01,1.030648469924926758e+00,-6.305078417062759399e-02,-4.344330355525016785e-02,-1.549375057220458984e-01
-2.162365708500146866e-03,3.283979371190071106e-02,7.782049775123596191e-01,9.970556497573852539e-01,2.190945856273174286e-02,-9.546683169901371002e-03,7.286157459020614624e-02,-1.149217830970883369e-03,-8.417107164859771729e-02,-2.201504260301589966e-01,1.186389550566673279e-01,-1.343813836574554443e-01,-7.491114735603332520e-02,2.123349457979202271e-01,-2.511698901653289795e-01,-6.364970803260803223e-01,1.452220529317855835e-01,-1.928727030754089355e-01,2.229115366935729980e-01,1.335065066814422607e-01,-5.490219965577125549e-02,1.465333402156829834e-01,-1.667578332126140594e-02,2.107039839029312134e-01,-5.823901295661926270e-01,1.097896099090576172e+00,1.343412995338439941e-01,-1.223646197468042374e-02,1.712055355310440063e-01,-2.154489979147911072e-02,-2.761012017726898193e-01,7.760276794433593750e-01,1.029285550117492676e+00,-6.194273009896278381e-02,-4.362019151449203491e-02,-1.524665802717208862e-01
-1.925848191604018211e-03,3.334134072065353394e-02,7.780662775039672852e-01,9.963589310646057129e-01,2.252095192670822144e-02,-7.889160886406898499e-03,8.185026794672012329e-02,-6.575979758054018021e-03,-8.985961228609085083e-02,-2.349655926227569580e-01,1.179645955562591553e-01,-1.315949559211730957e-01,-7.764878869056701660e-02,2.161117643117904663e-01,-2.533939778804779053e-01,-6.526786088943481445e-01,1.465439498424530029e-01,-1.945212036371231079e-01,2.242638468742370605e-01,1.399388015270233154e-01,-5.444372445344924927e-02,1.472756713628768921e-01,-1.656638085842132568e-02,2.125546187162399292e-01,-5.774598717689514160e-01,1.094979524612426758e+00,1.322303265333175659e-01,-1.356966979801654816e-02,1.733050793409347534e-01,-2.345266565680503845e-02,-2.797714769840240479e-01,7.817501425743103027e-01,1.027004241943359375e+00,-6.072524562478065491e-02,-4.346858337521553040e-02,-1.505858004093170166e-01
-1.655256375670433044e-03,3.376232087612152100e-02,7.778646349906921387e-01,9.955382943153381348e-01,2.324126847088336945e-02,-6.382567808032035828e-03,9.122875332832336426e-02,-1.145182177424430847e-02,-9.597607702016830444e-02,-2.505322098731994629e-01,1.175666823983192444e-01,-1.288418769836425781e-01,-8.042554557323455811e-02,2.209714800119400024e-01,-2.554949820041656494e-01,-6.701550483703613281e-01,1.474404633045196533e-01,-1.965588778257369995e-01,2.253960818052291870e-01,1.463605165481567383e-01,-5.412293598055839539e-02,1.481085717678070068e-01,-1.641313359141349792e-02,2.146604508161544800e-01,-5.730431079864501953e-01,1.090920448303222656e+00,1.301908195018768311e-01,-1.502705086022615433e-02,1.755238920450210571e-01,-2.513852901756763458e-02,-2.828311622142791748e-01,7.878374457359313965e-01,1.024108409881591797e+00,-6.049838289618492126e-02,-4.303932562470436096e-02,-1.490220725536346436e-01
-1.369670499116182327e-03,3.408171981573104858e-02,7.776188850402832031e-01,9.945908784866333008e-01,2.399538271129131317e-02,-5.024123005568981171e-03,1.009358018636703491e-01,-1.575203798711299896e-02,-1.021293401718139648e-01,-2.662548720836639404e-01,1.173400804400444031e-01,-1.260282397270202637e-01,-8.339592069387435913e-02,2.270440161228179932e-01,-2.569464445114135742e-01,-6.883739829063415527e-01,1.471591144800186157e-01,-1.984318494796752930e-01,2.264600098133087158e-01,1.529328674077987671e-01,-5.367466807365417480e-02,1.486673653125762939e-01,-1.644954085350036621e-02,2.168231904506683350e-01,-5.693140625953674316e-01,1.085454225540161133e+00,1.287009418010711670e-01,-1.681856997311115265e-02,1.781574636697769165e-01,-2.673325687646865845e-02,-2.853107452392578125e-01,7.938935160636901855e-01,1.021572232246398926e+00,-6.043618172407150269e-02,-4.259492456912994385e-02,-1.478911787271499634e-01
-1.050136866979300976e-03,3.427881002426147461e-02,7.774019837379455566e-01,9.935252070426940918e-01,2.458104677498340607e-02,-3.619536291807889938e-03,1.108615025877952576e-01,-2.005055733025074005e-02,-1.079806387424468994e-01,-2.827500402927398682e-01,1.171676889061927795e-01,-1.229749321937561035e-01,-8.638989925384521484e-02,2.341641932725906372e-01,-2.568520605564117432e-01,-7.073782086372375488e-01,1.444912701845169067e-01,-1.993246376514434814e-01,2.273283749818801880e-01,1.598575860261917114e-01,-5.276496335864067078e-02,1.487184464931488037e-01,-1.663472317159175873e-02,2.188878506422042847e-01,-5.663074254989624023e-01,1.078683376312255859e+00,1.280507296323776245e-01,-1.893611811101436615e-02,1.815747469663619995e-01,-2.858448028564453125e-02,-2.869608998298645020e-01,7.995924949645996094e-01,1.020282268524169922e+00,-6.069528311491012573e-02,-4.233480989933013916e-02,-1.473148316144943237e-01
-6.988490931689739227e-04,3.436174988746643066e-02,7.772257924079895020e-01,9.923334121704101562e-01,2.496117353439331055e-02,-2.061009872704744339e-03,1.210251301527023315e-01,-2.481914311647415161e-02,-1.134345456957817078e-01,-3.001931607723236084e-01,1.169352009892463684e-01,-1.197721660137176514e-01,-9.011673927307128906e-02,2.423221170902252197e-01,-2.547662258148193359e-01,-7.268138527870178223e-01,1.386629641056060791e-01,-1.990855634212493896e-01,2.281314879655838013e-01,1.673474460840225220e-01,-5.150293186306953430e-02,1.480790227651596069e-01,-1.699906773865222931e-02,2.209429740905761719e-01,-5.630480647087097168e-01,1.071028947830200195e+00,1.280977427959442139e-01,-2.133092284202575684e-02,1.852697730064392090e-01,-3.054764494299888611e-02,-2.878245115280151367e-01,8.041502237319946289e-01,1.020492553710937500e+00,-6.020297855138778687e-02,-4.229700937867164612e-02,-1.471790820360183716e-01
-3.357817768119275570e-04,3.432343155145645142e-02,7.771019339561462402e-01,9.910314679145812988e-01,2.518243342638015747e-02,-1.608184829819947481e-04,1.312341392040252686e-01,-3.065629303455352783e-02,-1.186529248952865601e-01,-3.182333409786224365e-01,1.165636926889419556e-01,-1.161680147051811218e-01,-9.434692561626434326e-02,2.505938410758972168e-01,-2.508764564990997314e-01,-7.464201450347900391e-01,1.297411024570465088e-01,-1.972187310457229614e-01,2.293780297040939331e-01,1.753696948289871216e-01,-5.037610605359077454e-02,1.467777490615844727e-01,-1.783329434692859650e-02,2.227709144353866577e-01,-5.586694478988647461e-01,1.063126087188720703e+00,1.279573291540145874e-01,-2.392920479178428650e-02,1.891046315431594849e-01,-3.246960788965225220e-02,-2.884027957916259766e-01,8.083850741386413574e-01,1.021964907646179199e+00,-5.890073999762535095e-02,-4.225518554449081421e-02,-1.463220715522766113e-01
-1.152888580691069365e-05,3.418575227260589600e-02,7.770289182662963867e-01,9.896052479743957520e-01,2.534125186502933502e-02,2.034662058576941490e-03,1.415455341339111328e-01,-3.739426285028457642e-02,-1.237772628664970398e-01,-3.358478248119354248e-01,1.159049347043037415e-01,-1.123658269643783569e-01,-9.897392243146896362e-02,2.578514516353607178e-01,-2.462074011564254761e-01,-7.662693858146667480e-01,1.198412626981735229e-01,-1.947217285633087158e-01,2.306042611598968506e-01,1.837725639343261719e-01,-4.955523461103439331e-02,1.451440155506134033e-01,-1.843799836933612823e-02,2.240246236324310303e-01,-5.533892512321472168e-01,1.054149746894836426e+00,1.272033900022506714e-01,-2.675579115748405457e-02,1.931647062301635742e-01,-3.502788022160530090e-02,-2.891059219837188721e-01,8.135918378829956055e-01,1.024292707443237305e+00,-5.716552585363388062e-02,-4.239250719547271729e-02,-1.444948762655258179e-01
2.668698434717953205e-04,3.390492498874664307e-02,7.769904732704162598e-01,9.880607128143310547e-01,2.548466436564922333e-02,4.546252079308032990e-03,1.518746167421340942e-01,-4.492881894111633301e-02,-1.289774477481842041e-01,-3.530506789684295654e-01,1.150945201516151428e-01,-1.081397607922554016e-01,-1.032674610614776611e-01,2.638201713562011719e-01,-2.414291650056838989e-01,-7.867248654365539551e-01,1.102421507239341736e-01,-1.921484172344207764e-01,2.321414053440093994e-01,1.923476010560989380e-01,-4.901055246591567993e-02,1.433045864105224609e-01,-1.838673092424869537e-02,2.242042571306228638e-01,-5.473177433013916016e-01,1.043845772743225098e+00,1.244196370244026184e-01,-2.998347021639347076e-02,1.978105008602142334e-01,-3.794964402914047241e-02,-2.904567420482635498e-01,8.201357722282409668e-01,1.026345729827880859e+00,-5.549253523349761963e-02,-4.237125068902969360e-02,-1.423271596431732178e-01
4.138842050451785326e-04,3.350390121340751648e-02,7.769345641136169434e-01,9.864504933357238770e-01,2.560515329241752625e-02,7.017539348453283310e-03,1.618967801332473755e-01,-5.230687931180000305e-02,-1.340255439281463623e-01,-3.697960078716278076e-01,1.142327561974525452e-01,-1.037810817360877991e-01,-1.075426265597343445e-01,2.687519788742065430e-01,-2.370547950267791748e-01,-8.069484829902648926e-01,1.024882644414901733e-01,-1.903310418128967285e-01,2.334436178207397461e-01,2.003803253173828125e-01,-4.839218407869338989e-02,1.414821892976760864e-01,-1.707287877798080444e-02,2.229007333517074585e-01,-5.413922667503356934e-01,1.033236026763916016e+00,1.203059852123260498e-01,-3.324549645185470581e-02,2.020841389894485474e-01,-4.140093922615051270e-02,-2.920594215393066406e-01,8.266090750694274902e-01,1.027650356292724609e+00,-5.304814502596855164e-02,-4.208656027913093567e-02,-1.406653523445129395e-01
3.932585241273045540e-04,3.297841548919677734e-02,7.768638134002685547e-01,9.847593903541564941e-01,2.567377872765064240e-02,9.381581097841262817e-03,1.717606037855148315e-01,-5.965172871947288513e-02,-1.388584375381469727e-01,-3.861866295337677002e-01,1.134186536073684692e-01,-9.913817793130874634e-02,-1.116512939333915710e-01,2.728595137596130371e-01,-2.331583350896835327e-01,-8.266838788986206055e-01,9.681934118270874023e-02,-1.892408579587936401e-01,2.343853116035461426e-01,2.077122032642364502e-01,-4.774303734302520752e-02,1.399541795253753662e-01,-1.488599553704261780e-02,2.204798758029937744e-01,-5.368014574050903320e-01,1.023325562477111816e+00,1.154913455247879028e-01,-3.637557476758956909e-02,2.056883275508880615e-01,-4.504320025444030762e-02,-2.940731942653656006e-01,8.332762718200683594e-01,1.027338981628417969e+00,-5.073692649602890015e-02,-4.130791127681732178e-02,-1.394283473491668701e-01
2.420946257188916206e-04,3.230007365345954895e-02,7.767866849899291992e-01,9.830312728881835938e-01,2.561573870480060577e-02,1.148496195673942566e-02,1.812772452831268311e-01,-6.662345677614212036e-02,-1.429189145565032959e-01,-4.017616212368011475e-01,1.126010641455650330e-01,-9.435423463582992554e-02,-1.165099218487739563e-01,2.760597765445709229e-01,-2.294509857892990112e-01,-8.456329703330993652e-01,9.300392866134643555e-02,-1.889107376337051392e-01,2.348318397998809814e-01,2.142220735549926758e-01,-4.693024605512619019e-02,1.388759315013885498e-01,-1.222573220729827881e-02,2.173441648483276367e-01,-5.346873998641967773e-01,1.015841841697692871e+00,1.107736378908157349e-01,-3.922485560178756714e-02,2.087345123291015625e-01,-4.899463430047035217e-02,-2.964436113834381104e-01,8.402970433235168457e-01,1.025069952011108398e+00,-4.926122352480888367e-02,-4.026241973042488098e-02,-1.389417797327041626e-01
1.829959801398217678e-04,3.124174475669860840e-02,7.766958475112915039e-01,9.813064336776733398e-01,2.546619996428489685e-02,1.313100568950176239e-02,1.903069764375686646e-01,-7.240252196788787842e-02,-1.461237967014312744e-01,-4.162782132625579834e-01,1.119332462549209595e-01,-8.985584974288940430e-02,-1.227038279175758362e-01,2.790515124797821045e-01,-2.257669270038604736e-01,-8.630974888801574707e-01,9.050775319337844849e-02,-1.892659962177276611e-01,2.346446514129638672e-01,2.198165506124496460e-01,-4.595972225069999695e-02,1.384615004062652588e-01,-9.273080155253410339e-03,2.142999470233917236e-01,-5.352910757064819336e-01,1.012102961540222168e+00,1.078582778573036194e-01,-4.110265150666236877e-02,2.107870876789093018e-01,-5.291934683918952942e-02,-2.989540696144104004e-01,8.475131988525390625e-01,1.020519256591796875e+00,-4.873622953891754150e-02,-3.944500163197517395e-02,-1.391862630844116211e-01
-5.973882798571139574e-05,3.022260218858718872e-02,7.765704989433288574e-01,9.795433282852172852e-01,2.521503716707229614e-02,1.438859663903713226e-02,1.991281360387802124e-01,-7.713442295789718628e-02,-1.487623006105422974e-01,-4.310693442821502686e-01,1.114217042922973633e-01,-8.565932512283325195e-02,-1.299240440130233765e-01,2.823756039142608643e-01,-2.218498885631561279e-01,-8.805131316184997559e-01,8.844412118196487427e-02,-1.897220164537429810e-01,2.338141053915023804e-01,2.244905084371566772e-01,-4.489752650260925293e-02,1.385534554719924927e-01,-6.051430013030767441e-03,2.118303924798965454e-01,-5.382789373397827148e-01,1.012775778770446777e+00,1.060705780982971191e-01,-4.161916673183441162e-02,2.116298824548721313e-01,-5.640345439314842224e-02,-3.014038801193237305e-01,8.547532558441162109e-01,1.013691663742065430e+00,-4.890203848481178284e-02,-3.928602486848831177e-02,-1.399664580821990967e-01
-3.460683219600468874e-04,2.905477210879325867e-02,7.764644622802734375e-01,9.777725338935852051e-01,2.488956786692142487e-02,1.532778050750494003e-02,2.076207995414733887e-01,-8.115016669034957886e-02,-1.509660780429840088e-01,-4.460538625717163086e-01,1.110767200589179993e-01,-8.181336522102355957e-02,-1.377352923154830933e-01,2.859832942485809326e-01,-2.176690399646759033e-01,-8.973787426948547363e-01,8.661879599094390869e-02,-1.901143789291381836e-01,2.322658896446228027e-01,2.285549044609069824e-01,-4.379620403051376343e-02,1.389473378658294678e-01,-2.370000351220369339e-03,2.102980464696884155e-01,-5.418879389762878418e-01,1.018145680427551270e+00,1.052362918853759766e-01,-4.084523022174835205e-02,2.113507688045501709e-01,-5.945421755313873291e-02,-3.035429716110229492e-01,8.618127107620239258e-01,1.005849599838256836e+00,-4.889997094869613647e-02,-4.024383053183555603e-02,-1.406817883253097534e-01
-6.655621691606938839e-04,2.781536243855953217e-02,7.764027118682861328e-01,9.761130213737487793e-01,2.456468343734741211e-02,1.597537100315093994e-02,2.152783721685409546e-01,-8.446529507637023926e-02,-1.525147706270217896e-01,-4.596810340881347656e-01,1.106232404708862305e-01,-7.800633460283279419e-02,-1.455614119768142700e-01,2.893138825893402100e-01,-2.133611291646957397e-01,-9.121697545051574707e-01,8.480344712734222412e-02,-1.903620213270187378e-01,2.306515276432037354e-01,2.326688170433044434e-01,-4.253244772553443909e-02,1.395022720098495483e-01,1.323417294770479202e-03,2.098593562841415405e-01,-5.446457862854003906e-01,1.025496125221252441e+00,1.045162603259086609e-01,-3.901080414652824402e-02,2.102459967136383057e-01,-6.204746663570404053e-02,-3.058026134967803955e-01,8.685832023620605469e-01,9.983963966369628906e-01,-4.987834393978118896e-02,-4.168609902262687683e-02,-1.407193988561630249e-01
-9.860204299911856651e-04,2.653828449547290802e-02,7.763758897781372070e-01,9.746484160423278809e-01,2.428564615547657013e-02,1.640740036964416504e-02,2.218140810728073120e-01,-8.741720020771026611e-02,-1.535438746213912964e-01,-4.713034629821777344e-01,1.101460158824920654e-01,-7.422039657831192017e-02,-1.526574641466140747e-01,2.921883165836334229e-01,-2.092838287353515625e-01,-9.247235059738159180e-01,8.310554176568984985e-02,-1.906252056360244751e-01,2.292900681495666504e-01,2.373420596122741699e-01,-4.091172665357589722e-02,1.399941146373748779e-01,5.537821911275386810e-03,2.101807892322540283e-01,-5.450949072837829590e-01,1.032422065734863281e+00,1.035990566015243530e-01,-3.679485619068145752e-02,2.092151641845703125e-01,-6.439663469791412354e-02,-3.083599209785461426e-01,8.747872710227966309e-01,9.926298260688781738e-01,-5.112446099519729614e-02,-4.302266240119934082e-02,-1.401565521955490112e-01
-1.286549260839819908e-03,2.528318017721176147e-02,7.763308286666870117e-01,9.733816385269165039e-01,2.404954284429550171e-02,1.667923480272293091e-02,2.273136675357818604e-01,-9.019114822149276733e-02,-1.541846394538879395e-01,-4.809160828590393066e-01,1.096893846988677979e-01,-7.055386155843734741e-02,-1.590220630168914795e-01,2.945958971977233887e-01,-2.052881568670272827e-01,-9.348949193954467773e-01,8.118425309658050537e-02,-1.909306943416595459e-01,2.283976376056671143e-01,2.427197098731994629e-01,-3.880121186375617981e-02,1.401259452104568481e-01,1.082168146967887878e-02,2.108044028282165527e-01,-5.428076982498168945e-01,1.036902189254760742e+00,1.031694710254669189e-01,-3.452292457222938538e-02,2.089172452688217163e-01,-6.590668857097625732e-02,-3.112939298152923584e-01,8.805490136146545410e-01,9.890681505203247070e-01,-5.271034687757492065e-02,-4.393479600548744202e-02,-1.394424587488174438e-01
-1.621015951968729496e-03,2.402868866920471191e-02,7.762852907180786133e-01,9.722828269004821777e-01,2.386445365846157074e-02,1.675627380609512329e-02,2.319824844598770142e-01,-9.229882806539535522e-02,-1.544541418552398682e-01,-4.891257584095001221e-01,1.091389656066894531e-01,-6.703666597604751587e-02,-1.652870625257492065e-01,2.965261936187744141e-01,-2.016334682703018188e-01,-9.432132840156555176e-01,7.972206920385360718e-02,-1.913602501153945923e-01,2.276456207036972046e-01,2.488088011741638184e-01,-3.602663055062294006e-02,1.398503929376602173e-01,1.778962835669517517e-02,2.109221518039703369e-01,-5.377231836318969727e-01,1.038215637207031250e+00,1.022808477282524109e-01,-3.260071203112602234e-02,2.096536010503768921e-01,-6.631569564342498779e-02,-3.144537210464477539e-01,8.866507411003112793e-01,9.873908162117004395e-01,-5.480513349175453186e-02,-4.443884268403053284e-02,-1.384670883417129517e-01
-2.003462752327322960e-03,2.279596962034702301e-02,7.762574553489685059e-01,9.713810682296752930e-01,2.370971813797950745e-02,1.672808453440666199e-02,2.357473224401473999e-01,-9.417179971933364868e-02,-1.542878448963165283e-01,-4.958687722682952881e-01,1.085404157638549805e-01,-6.376444548368453979e-02,-1.716041415929794312e-01,2.978463470935821533e-01,-1.980314701795578003e-01,-9.500870108604431152e-01,7.788888365030288696e-02,-1.914592832326889038e-01,2.267146557569503784e-01,2.553364336490631104e-01,-3.290353715419769287e-02,1.391838639974594116e-01,2.595122158527374268e-02,2.099851667881011963e-01,-5.297008156776428223e-01,1.036420702934265137e+00,1.009226292371749878e-01,-3.173348307609558105e-02,2.110737413167953491e-01,-6.531460583209991455e-02,-3.173160254955291748e-01,8.925138711929321289e-01,9.867781996726989746e-01,-5.629154667258262634e-02,-4.469574987888336182e-02,-1.369819194078445435e-01
-2.421820303425192833e-03,2.157695218920707703e-02,7.762940526008605957e-01,9.706619381904602051e-01,2.344238758087158203e-02,1.672033406794071198e-02,2.387179732322692871e-01,-9.614332020282745361e-02,-1.535292565822601318e-01,-5.013597011566162109e-01,1.079676970839500427e-01,-6.126370653510093689e-02,-1.781643927097320557e-01,2.984782755374908447e-01,-1.942422538995742798e-01,-9.559099078178405762e-01,7.598248124122619629e-02,-1.912537664175033569e-01,2.252596318721771240e-01,2.623788416385650635e-01,-2.933110669255256653e-02,1.378996074199676514e-01,3.517785295844078064e-02,2.077272087335586548e-01,-5.189099311828613281e-01,1.031020164489746094e+00,9.699854999780654907e-02,-3.226446732878684998e-02,2.129725217819213867e-01,-6.358344107866287231e-02,-3.202173709869384766e-01,8.977422714233398438e-01,9.862895011901855469e-01,-5.718576908111572266e-02,-4.489593580365180969e-02,-1.351711899042129517e-01
-2.808163408190011978e-03,2.036560326814651489e-02,7.763386964797973633e-01,9.701349735260009766e-01,2.313211746513843536e-02,1.679919287562370300e-02,2.408750951290130615e-01,-9.803437441587448120e-02,-1.523990333080291748e-01,-5.055000782012939453e-01,1.075979769229888916e-01,-5.962114408612251282e-02,-1.843956708908081055e-01,2.985301017761230469e-01,-1.903787106275558472e-01,-9.605324864387512207e-01,7.386906445026397705e-02,-1.909863203763961792e-01,2.235522866249084473e-01,2.692558765411376953e-01,-2.567277476191520691e-02,1.361867487430572510e-01,4.519400000572204590e-02,2.038827538490295410e-01,-5.070686340332031250e-01,1.022982120513916016e+00,8.980585634708404541e-02,-3.389712050557136536e-02,2.145369946956634521e-01,-6.199922412633895874e-02,-3.231750726699829102e-01,9.015863537788391113e-01,9.851708412170410156e-01,-5.725594609975814819e-02,-4.537784308195114136e-02,-1.335864365100860596e-01
-3.134578233584761620e-03,1.912602223455905914e-02,7.763549089431762695e-01,9.697039127349853516e-01,2.280785515904426575e-02,1.694470085203647614e-02,2.426252365112304688e-01,-1.000341475009918213e-01,-1.511506140232086182e-01,-5.089408159255981445e-01,1.074637770652770996e-01,-5.866976082324981689e-02,-1.899062842130661011e-01,2.983847558498382568e-01,-1.867416352033615112e-01,-9.646802544593811035e-01,7.218931615352630615e-02,-1.911868900060653687e-01,2.217596322298049927e-01,2.750920653343200684e-01,-2.240396477282047272e-02,1.344594508409500122e-01,5.492357164621353149e-02,1.987626254558563232e-01,-4.963555335998535156e-01,1.014736175537109375e+00,8.104073256254196167e-02,-3.623937815427780151e-02,2.156981378793716431e-01,-6.107451394200325012e-02,-3.258037567138671875e-01,9.035839438438415527e-01,9.837827682495117188e-01,-5.497735366225242615e-02,-4.638380557298660278e-02,-1.329130977392196655e-01
-3.403072012588381767e-03,1.778197288513183594e-02,7.763320207595825195e-01,9.693830013275146484e-01,2.253565564751625061e-02,1.704273745417594910e-02,2.439226359128952026e-01,-1.019245386123657227e-01,-1.498040854930877686e-01,-5.118098258972167969e-01,1.073729991912841797e-01,-5.795281752943992615e-02,-1.941367536783218384e-01,2.981894910335540771e-01,-1.835298985242843628e-01,-9.676666855812072754e-01,7.121163606643676758e-02,-1.921051144599914551e-01,2.201255261898040771e-01,2.792102396488189697e-01,-1.988799124956130981e-02,1.333140283823013306e-01,6.278255581855773926e-02,1.929710656404495239e-01,-4.879161417484283447e-01,1.008985042572021484e+00,7.251355797052383423e-02,-3.828690946102142334e-02,2.163821458816528320e-01,-6.060709431767463684e-02,-3.275829553604125977e-01,9.033972024917602539e-01,9.828420877456665039e-01,-5.248297378420829773e-02,-4.722727090120315552e-02,-1.327854692935943604e-01
-3.610718995332717896e-03,1.625107787549495697e-02,7.763030529022216797e-01,9.691284894943237305e-01,2.229446545243263245e-02,1.699564047157764435e-02,2.449573874473571777e-01,-1.035492494702339172e-01,-1.480736136436462402e-01,-5.142153501510620117e-01,1.072579920291900635e-01,-5.742796882987022400e-02,-1.977704018354415894e-01,2.977928519248962402e-01,-1.806408315896987915e-01,-9.697198271751403809e-01,7.089727371931076050e-02,-1.938796639442443848e-01,2.185853272676467896e-01,2.812416553497314453e-01,-1.828162930905818939e-02,1.329868137836456299e-01,6.786720454692840576e-02,1.874899119138717651e-01,-4.831683933734893799e-01,1.007401108741760254e+00,6.717614829540252686e-02,-3.903160989284515381e-02,2.164040803909301758e-01,-6.094155833125114441e-02,-3.280048072338104248e-01,9.017487168312072754e-01,9.829087853431701660e-01,-5.076908692717552185e-02,-4.697615280747413635e-02,-1.324303299188613892e-01
-3.783753607422113419e-03,1.455867476761341095e-02,7.762520313262939453e-01,9.689367413520812988e-01,2.212780155241489410e-02,1.678739301860332489e-02,2.457440346479415894e-01,-1.047280058264732361e-01,-1.462168991565704346e-01,-5.162890553474426270e-01,1.073064506053924561e-01,-5.705545842647552490e-02,-2.006774097681045532e-01,2.976617515087127686e-01,-1.779464334249496460e-01,-9.709303379058837891e-01,7.076583802700042725e-02,-1.962111145257949829e-01,2.172818481922149658e-01,2.814358472824096680e-01,-1.765977405011653900e-02,1.338401734828948975e-01,6.983555853366851807e-02,1.828634589910507202e-01,-4.808743894100189209e-01,1.010272502899169922e+00,6.444599479436874390e-02,-3.862881660461425781e-02,2.158354520797729492e-01,-6.219208613038063049e-02,-3.269754648208618164e-01,9.004235267639160156e-01,9.840939044952392578e-01,-5.142005160450935364e-02,-4.536325484514236450e-02,-1.313293427228927612e-01
-3.970659337937831879e-03,1.276517100632190704e-02,7.761650681495666504e-01,9.688503742218017578e-01,2.191559039056301117e-02,1.644704490900039673e-02,2.461263090372085571e-01,-1.056385710835456848e-01,-1.438149511814117432e-01,-5.176677107810974121e-01,1.074992045760154724e-01,-5.694940686225891113e-02,-2.030601501464843750e-01,2.975743412971496582e-01,-1.751480996608734131e-01,-9.711647033691406250e-01,7.083128392696380615e-02,-1.988370269536972046e-01,2.157534509897232056e-01,2.806242704391479492e-01,-1.763657480478286743e-02,1.353458166122436523e-01,6.915296614170074463e-02,1.793235689401626587e-01,-4.803262650966644287e-01,1.016351699829101562e+00,6.401811540126800537e-02,-3.707667440176010132e-02,2.149338722229003906e-01,-6.429448723793029785e-02,-3.243940174579620361e-01,9.005277156829833984e-01,9.869254231452941895e-01,-5.260839313268661499e-02,-4.323464632034301758e-02,-1.299847811460494995e-01
-4.128311760723590851e-03,1.099975407123565674e-02,7.760705947875976562e-01,9.689286351203918457e-01,2.170241810381412506e-02,1.602393202483654022e-02,2.458649128675460815e-01,-1.060609519481658936e-01,-1.406644284725189209e-01,-5.180125832557678223e-01,1.077219918370246887e-01,-5.699584260582923889e-02,-2.040318399667739868e-01,2.972685396671295166e-01,-1.721148490905761719e-01,-9.699860215187072754e-01,7.050368189811706543e-02,-2.010919749736785889e-01,2.141632735729217529e-01,2.798508107662200928e-01,-1.795309782028198242e-02,1.368240118026733398e-01,6.684057414531707764e-02,1.768610179424285889e-01,-4.811994433403015137e-01,1.023812294006347656e+00,6.567419320344924927e-02,-3.504654020071029663e-02,2.136771529912948608e-01,-6.696981191635131836e-02,-3.203788399696350098e-01,9.020666480064392090e-01,9.908638000488281250e-01,-5.493087694048881531e-02,-4.080604761838912964e-02,-1.290630996227264404e-01
-4.224219825118780136e-03,9.406242519617080688e-03,7.760370373725891113e-01,9.691149592399597168e-01,2.145065926015377045e-02,1.561820600181818008e-02,2.451777309179306030e-01,-1.062001213431358337e-01,-1.370904445648193359e-01,-5.176139473915100098e-01,1.077906712889671326e-01,-5.712402239441871643e-02,-2.046540528535842896e-01,2.968246340751647949e-01,-1.688339412212371826e-01,-9.681720137596130371e-01,6.961865723133087158e-02,-2.024621069431304932e-01,2.124412506818771362e-01,2.793270647525787354e-01,-1.843379624187946320e-02,1.376371681690216064e-01,6.436652690172195435e-02,1.753830164670944214e-01,-4.828980267047882080e-01,1.030457496643066406e+00,6.664004176855087280e-02,-3.344806283712387085e-02,2.118590176105499268e-01,-6.991205364465713501e-02,-3.163962960243225098e-01,9.043333530426025391e-01,9.939119219779968262e-01,-5.759869515895843506e-02,-3.936640545725822449e-02,-1.284798383712768555e-01
-4.273957572877407074e-03,7.989602163434028625e-03,7.760499119758605957e-01,9.693968892097473145e-01,2.118501067161560059e-02,1.525474339723587036e-02,2.441067844629287720e-01,-1.060675382614135742e-01,-1.333587318658828735e-01,-5.164692997932434082e-01,1.077197566628456116e-01,-5.761067196726799011e-02,-2.055381834506988525e-01,2.961256206035614014e-01,-1.655087321996688843e-01,-9.658998847007751465e-01,6.825823336839675903e-02,-2.027417272329330444e-01,2.104893177747726440e-01,2.790712714195251465e-01,-1.887817494571208954e-02,1.379363238811492920e-01,6.184052675962448120e-02,1.746076196432113647e-01,-4.847874939441680908e-01,1.035412311553955078e+00,6.548726558685302734e-02,-3.288365900516510010e-02,2.097610384225845337e-01,-7.318761944770812988e-02,-3.133522272109985352e-01,9.062801599502563477e-01,9.951374530792236328e-01,-5.979011580348014832e-02,-3.914099186658859253e-02,-1.282117813825607300e-01
-4.321183077991008759e-03,6.718586198985576630e-03,7.761046886444091797e-01,9.697142243385314941e-01,2.094370312988758087e-02,1.494269166141748428e-02,2.428835034370422363e-01,-1.058671995997428894e-01,-1.298025548458099365e-01,-5.146522521972656250e-01,1.074742302298545837e-01,-5.791013687849044800e-02,-2.070481479167938232e-01,2.953258752822875977e-01,-1.625464558601379395e-01,-9.634903073310852051e-01,6.714554131031036377e-02,-2.025975137948989868e-01,2.083962410688400269e-01,2.785475552082061768e-01,-1.918426342308521271e-02,1.379313021898269653e-01,5.938187241554260254e-02,1.743002235889434814e-01,-4.868672788143157959e-01,1.038607120513916016e+00,6.324023008346557617e-02,-3.263132646679878235e-02,2.078990638256072998e-01,-7.625106722116470337e-02,-3.116293549537658691e-01,9.072155952453613281e-01,9.948165416717529297e-01,-6.028295680880546570e-02,-4.004582762718200684e-02,-1.289568543434143066e-01
-4.411520436406135559e-03,5.526731722056865692e-03,7.761796116828918457e-01,9.699989557266235352e-01,2.080897800624370575e-02,1.469122432172298431e-02,2.417709529399871826e-01,-1.059975251555442810e-01,-1.266291439533233643e-01,-5.122880935668945312e-01,1.070260331034660339e-01,-5.764850601553916931e-02,-2.084713429212570190e-01,2.943445742130279541e-01,-1.602883785963058472e-01,-9.608157277107238770e-01,6.682088971138000488e-02,-2.028265595436096191e-01,2.066330760717391968e-01,2.772473096847534180e-01,-1.943447627127170563e-02,1.375857293605804443e-01,5.625955015420913696e-02,1.746120750904083252e-01,-4.897649288177490234e-01,1.039636373519897461e+00,6.151847541332244873e-02,-3.259966522455215454e-02,2.066673487424850464e-01,-7.818474620580673218e-02,-3.112569451332092285e-01,9.068600535392761230e-01,9.940687417984008789e-01,-5.770325660705566406e-02,-4.136434942483901978e-02,-1.309191435575485229e-01
-4.499569535255432129e-03,4.374480806291103363e-03,7.762399911880493164e-01,9.701676964759826660e-01,2.080391719937324524e-02,1.441542711108922958e-02,2.411099225282669067e-01,-1.062203645706176758e-01,-1.241219937801361084e-01,-5.105673074722290039e-01,1.065478324890136719e-01,-5.706094205379486084e-02,-2.096870243549346924e-01,2.937306463718414307e-01,-1.587933301925659180e-01,-9.592939019203186035e-01,6.754383444786071777e-02,-2.039403319358825684e-01,2.051002085208892822e-01,2.752015292644500732e-01,-1.952402666211128235e-02,1.370032131671905518e-01,5.253677442669868469e-02,1.756944209337234497e-01,-4.920989274978637695e-01,1.038784503936767578e+00,6.061246991157531738e-02,-3.248985856771469116e-02,2.069056183099746704e-01,-7.810889184474945068e-02,-3.118519186973571777e-01,9.058324098587036133e-01,9.945157170295715332e-01,-5.309313535690307617e-02,-4.225669056177139282e-02,-1.330175995826721191e-01
-4.529224708676338196e-03,3.252484370023012161e-03,7.762302756309509277e-01,9.702141880989074707e-01,2.100530080497264862e-02,1.396388188004493713e-02,2.409320026636123657e-01,-1.059333384037017822e-01,-1.226301342248916626e-01,-5.100880265235900879e-01,1.062797456979751587e-01,-5.641103163361549377e-02,-2.106371670961380005e-01,2.941545546054840088e-01,-1.579358577728271484e-01,-9.592963457107543945e-01,6.874702870845794678e-02,-2.060190737247467041e-01,2.041777372360229492e-01,2.730763852596282959e-01,-1.938179880380630493e-02,1.367050558328628540e-01,4.885946586728096008e-02,1.773708909749984741e-01,-4.937682747840881348e-01,1.036401152610778809e+00,6.018722057342529297e-02,-3.196625411510467529e-02,2.086854428052902222e-01,-7.605806738138198853e-02,-3.127989470958709717e-01,9.044390320777893066e-01,9.966810941696166992e-01,-4.778270423412322998e-02,-4.235565289855003357e-02,-1.347447782754898071e-01
-4.486036486923694611e-03,2.186849713325500488e-03,7.761139273643493652e-01,9.701337218284606934e-01,2.137065678834915161e-02,1.330113783478736877e-02,2.412610799074172974e-01,-1.051749512553215027e-01,-1.219115108251571655e-01,-5.106998682022094727e-01,1.062948554754257202e-01,-5.616189539432525635e-02,-2.113369107246398926e-01,2.953176796436309814e-01,-1.573119312524795532e-01,-9.600914716720581055e-01,7.004671543836593628e-02,-2.087793201208114624e-01,2.033729404211044312e-01,2.714230120182037354e-01,-1.904874108731746674e-02,1.368278264999389648e-01,4.553373157978057861e-02,1.794249564409255981e-01,-4.946264922618865967e-01,1.032244324684143066e+00,5.985182896256446838e-02,-3.177560120820999146e-02,2.113412618637084961e-01,-7.241835445165634155e-02,-3.135691881179809570e-01,9.035400152206420898e-01,1.000778198242187500e+00,-4.223512858152389526e-02,-4.162281379103660583e-02,-1.356315910816192627e-01
-4.387138877063989639e-03,1.118988730013370514e-03,7.759410142898559570e-01,9.699721336364746094e-01,2.180657163262367249e-02,1.245287247002124786e-02,2.419159263372421265e-01,-1.040551662445068359e-01,-1.215302348136901855e-01,-5.121111869812011719e-01,1.064983084797859192e-01,-5.631913617253303528e-02,-2.118961662054061890e-01,2.970799505710601807e-01,-1.567260324954986572e-01,-9.616056084632873535e-01,7.126613706350326538e-02,-2.118080407381057739e-01,2.025518715381622314e-01,2.703951299190521240e-01,-1.841432787477970123e-02,1.370297819375991821e-01,4.297306016087532043e-02,1.812638938426971436e-01,-4.938534200191497803e-01,1.026731014251708984e+00,5.872593820095062256e-02,-3.242268413305282593e-02,2.140727490186691284e-01,-6.709842383861541748e-02,-3.138352930545806885e-01,9.032611250877380371e-01,1.007439136505126953e+00,-3.794660046696662903e-02,-4.020268470048904419e-02,-1.355261504650115967e-01
-4.246380180120468140e-03,1.947017153725028038e-05,7.757610082626342773e-01,9.697564840316772461e-01,2.230771072208881378e-02,1.140873786062002182e-02,2.427849471569061279e-01,-1.023078784346580505e-01,-1.212554574012756348e-01,-5.139931440353393555e-01,1.069262102246284485e-01,-5.694040656089782715e-02,-2.130034863948822021e-01,2.995200157165527344e-01,-1.560731977224349976e-01,-9.638179540634155273e-01,7.224130630493164062e-02,-2.147907018661499023e-01,2.020213901996612549e-01,2.702581286430358887e-01,-1.767289824783802032e-02,1.373089551925659180e-01,4.165833443403244019e-02,1.824689954519271851e-01,-4.910666048526763916e-01,1.020677566528320312e+00,5.815022066235542297e-02,-3.361759334802627563e-02,2.169737815856933594e-01,-6.070956215262413025e-02,-3.131428658962249756e-01,9.042603373527526855e-01,1.016766548156738281e+00,-3.472770377993583679e-02,-3.777372464537620544e-02,-1.341919600963592529e-01
-4.063512664288282394e-03,-1.093802507966756821e-03,7.756415605545043945e-01,9.695649147033691406e-01,2.286331728100776672e-02,1.021907851099967957e-02,2.435501366853713989e-01,-1.001594588160514832e-01,-1.209533661603927612e-01,-5.157776474952697754e-01,1.074699237942695618e-01,-5.717520415782928467e-02,-2.138976454734802246e-01,3.026609420776367188e-01,-1.550438553094863892e-01,-9.658989906311035156e-01,7.242035120725631714e-02,-2.168586701154708862e-01,2.016534805297851562e-01,2.706520855426788330e-01,-1.688904501497745514e-02,1.376528292894363403e-01,4.164605587720870972e-02,1.826010495424270630e-01,-4.869787096977233887e-01,1.014944314956665039e+00,5.667944252490997314e-02,-3.477083519101142883e-02,2.198037952184677124e-01,-5.417669564485549927e-02,-3.113610744476318359e-01,9.057421088218688965e-01,1.028100490570068359e+00,-3.459852188825607300e-02,-3.376089781522750854e-02,-1.315387189388275146e-01
-3.853543428704142570e-03,-2.200883114710450172e-03,7.755681276321411133e-01,9.694439768791198730e-01,2.334249950945377350e-02,9.039637632668018341e-03,2.440322637557983398e-01,-9.797161817550659180e-02,-1.201748400926589966e-01,-5.169229507446289062e-01,1.078102514147758484e-01,-5.724358558654785156e-02,-2.145850658416748047e-01,3.054403960704803467e-01,-1.535452157258987427e-01,-9.670268297195434570e-01,7.208379358053207397e-02,-2.183780372142791748e-01,2.010968178510665894e-01,2.715284824371337891e-01,-1.622578874230384827e-02,1.374577283859252930e-01,4.270155355334281921e-02,1.817234605550765991e-01,-4.822049140930175781e-01,1.010166883468627930e+00,5.344723537564277649e-02,-3.586789220571517944e-02,2.223871201276779175e-01,-4.810562357306480408e-02,-3.088353276252746582e-01,9.077559113502502441e-01,1.039249420166015625e+00,-3.750054910778999329e-02,-2.873582392930984497e-02,-1.278329342603683472e-01
-3.615617519244551659e-03,-3.260183380916714668e-03,7.755603790283203125e-01,9.694434404373168945e-01,2.370591089129447937e-02,8.062910288572311401e-03,2.440338730812072754e-01,-9.631057828664779663e-02,-1.190007999539375305e-01,-5.175417661666870117e-01,1.078350692987442017e-01,-5.710202828049659729e-02,-2.151326090097427368e-01,3.072068989276885986e-01,-1.519889235496520996e-01,-9.673126339912414551e-01,7.160700857639312744e-02,-2.193481773138046265e-01,2.001314163208007812e-01,2.725363671779632568e-01,-1.577305234968662262e-02,1.363895237445831299e-01,4.452829435467720032e-02,1.801733970642089844e-01,-4.772574305534362793e-01,1.007800579071044922e+00,4.879014194011688232e-02,-3.685459867119789124e-02,2.236579656600952148e-01,-4.327304661273956299e-02,-3.064049184322357178e-01,9.098558425903320312e-01,1.047331094741821289e+00,-4.121086373925209045e-02,-2.459020540118217468e-02,-1.245165988802909851e-01
-3.374647116288542747e-03,-4.295326769351959229e-03,7.755693197250366211e-01,9.695589542388916016e-01,2.399662882089614868e-02,7.283577695488929749e-03,2.435704022645950317e-01,-9.504802525043487549e-02,-1.174260079860687256e-01,-5.174952745437622070e-01,1.076566427946090698e-01,-5.691941827535629272e-02,-2.154134362936019897e-01,3.080723881721496582e-01,-1.505269706249237061e-01,-9.668014645576477051e-01,7.116626203060150146e-02,-2.199227809906005859e-01,1.988672912120819092e-01,2.729367613792419434e-01,-1.539565715938806534e-02,1.346992403268814087e-01,4.650003835558891296e-02,1.781925112009048462e-01,-4.730929136276245117e-01,1.007965803146362305e+00,4.426742345094680786e-02,-3.746077790856361389e-02,2.236314266920089722e-01,-4.008333012461662292e-02,-3.043816983699798584e-01,9.113506078720092773e-01,1.051430702209472656e+00,-4.395437613129615784e-02,-2.223600447177886963e-02,-1.222717985510826111e-01
-3.157314145937561989e-03,-5.341718904674053192e-03,7.755951285362243652e-01,9.697954058647155762e-01,2.424510382115840912e-02,6.645927671343088150e-03,2.426207959651947021e-01,-9.386221319437026978e-02,-1.155803501605987549e-01,-5.165543556213378906e-01,1.073922812938690186e-01,-5.694113671779632568e-02,-2.157797366380691528e-01,3.086480796337127686e-01,-1.491914391517639160e-01,-9.657638072967529297e-01,7.098811864852905273e-02,-2.204430550336837769e-01,1.972628682851791382e-01,2.725795805454254150e-01,-1.510750688612461090e-02,1.329756230115890503e-01,4.825384914875030518e-02,1.760517358779907227e-01,-4.700986146926879883e-01,1.010887145996093750e+00,4.117727652192115784e-02,-3.763614967465400696e-02,2.230797260999679565e-01,-3.912637010216712952e-02,-3.027754127979278564e-01,9.119289517402648926e-01,1.051192879676818848e+00,-4.557652398943901062e-02,-2.153209224343299866e-02,-1.212577223777770996e-01
-2.988807158544659615e-03,-6.380666978657245636e-03,7.756052017211914062e-01,9.701200127601623535e-01,2.445143088698387146e-02,6.114876829087734222e-03,2.413128316402435303e-01,-9.265494346618652344e-02,-1.134998798370361328e-01,-5.147320032119750977e-01,1.072526723146438599e-01,-5.741681903600692749e-02,-2.165386825799942017e-01,3.091230094432830811e-01,-1.479559540748596191e-01,-9.640507698059082031e-01,7.104585319757461548e-02,-2.212443053722381592e-01,1.953594535589218140e-01,2.714723348617553711e-01,-1.479036547243595123e-02,1.315761506557464600e-01,4.961759969592094421e-02,1.741715073585510254e-01,-4.684026539325714111e-01,1.015592336654663086e+00,3.957977518439292908e-02,-3.708413243293762207e-02,2.225195467472076416e-01,-4.024104401469230652e-02,-3.016566038131713867e-01,9.109392166137695312e-01,1.047075510025024414e+00,-4.519351199269294739e-02,-2.214140258729457855e-02,-1.219549477100372314e-01
-2.866381546482443810e-03,-7.402171380817890167e-03,7.756118774414062500e-01,9.704654216766357422e-01,2.462792955338954926e-02,5.679144058376550674e-03,2.399128526449203491e-01,-9.165196865797042847e-02,-1.113308146595954895e-01,-5.122041106224060059e-01,1.073114573955535889e-01,-5.820840969681739807e-02,-2.171480953693389893e-01,3.093639016151428223e-01,-1.469612866640090942e-01,-9.620037674903869629e-01,7.132331281900405884e-02,-2.222264409065246582e-01,1.931774169206619263e-01,2.696703672409057617e-01,-1.443119533360004425e-02,1.306365877389907837e-01,5.007760971784591675e-02,1.726231724023818970e-01,-4.676531851291656494e-01,1.020917892456054688e+00,3.823383897542953491e-02,-3.632695972919464111e-02,2.218729853630065918e-01,-4.281365126371383667e-02,-3.010498285293579102e-01,9.088336825370788574e-01,1.040902376174926758e+00,-4.265009611845016479e-02,-2.383402734994888306e-02,-1.238490715622901917e-01
-2.762544667348265648e-03,-8.442847058176994324e-03,7.756173610687255859e-01,9.708101749420166016e-01,2.480803616344928741e-02,5.360098555684089661e-03,2.385025918483734131e-01,-9.107875823974609375e-02,-1.092585027217864990e-01,-5.093779563903808594e-01,1.074219942092895508e-01,-5.878392234444618225e-02,-2.174676060676574707e-01,3.092104196548461914e-01,-1.461174935102462769e-01,-9.598978757858276367e-01,7.174414396286010742e-02,-2.232236266136169434e-01,1.910506784915924072e-01,2.672605216503143311e-01,-1.409030985087156296e-02,1.299328953027725220e-01,4.929960146546363831e-02,1.712158620357513428e-01,-4.678283333778381348e-01,1.026500463485717773e+00,3.757569566369056702e-02,-3.536629304289817810e-02,2.210777997970581055e-01,-4.573110118508338928e-02,-3.007587790489196777e-01,9.058690667152404785e-01,1.034214496612548828e+00,-3.737176582217216492e-02,-2.620803751051425934e-02,-1.265047937631607056e-01
-2.694880357012152672e-03,-9.454529732465744019e-03,7.755883932113647461e-01,9.711353778839111328e-01,2.499764412641525269e-02,5.031886044889688492e-03,2.371621578931808472e-01,-9.072470664978027344e-02,-1.072630062699317932e-01,-5.065302252769470215e-01,1.074580103158950806e-01,-5.883269757032394409e-02,-2.176788598299026489e-01,3.089188933372497559e-01,-1.457010209560394287e-01,-9.578021168708801270e-01,7.270806282758712769e-02,-2.245561182498931885e-01,1.893970221281051636e-01,2.641535401344299316e-01,-1.357860025018453598e-02,1.295519769191741943e-01,4.773076623678207397e-02,1.699112951755523682e-01,-4.684549570083618164e-01,1.031081080436706543e+00,3.751874342560768127e-02,-3.419942781329154968e-02,2.201696783304214478e-01,-4.792604222893714905e-02,-3.005775511264801025e-01,9.028644561767578125e-01,1.028800249099731445e+00,-3.185914829373359680e-02,-2.833939529955387115e-02,-1.289414167404174805e-01
-2.639624988660216331e-03,-1.037811581045389175e-02,7.755214571952819824e-01,9.714491963386535645e-01,2.526278607547283173e-02,4.628130234777927399e-03,2.358534634113311768e-01,-9.011921286582946777e-02,-1.054377406835556030e-01,-5.038013458251953125e-01,1.073436588048934937e-01,-5.848088115453720093e-02,-2.176709026098251343e-01,3.086146414279937744e-01,-1.457439959049224854e-01,-9.554113745689392090e-01,7.420218735933303833e-02,-2.259842455387115479e-01,1.883139908313751221e-01,2.608956694602966309e-01,-1.288052927702665329e-02,1.294438987970352173e-01,4.595100879669189453e-02,1.689938157796859741e-01,-4.698315858840942383e-01,1.033742189407348633e+00,3.804291039705276489e-02,-3.332586586475372314e-02,2.195446193218231201e-01,-4.875695705413818359e-02,-3.005326390266418457e-01,9.001712799072265625e-01,1.024992704391479492e+00,-2.778952941298484802e-02,-2.924681827425956726e-02,-1.310274451971054077e-01
-2.577242208644747734e-03,-1.122774090617895126e-02,7.754877209663391113e-01,9.717921018600463867e-01,2.555209584534168243e-02,4.078233614563941956e-03,2.344154119491577148e-01,-8.905247598886489868e-02,-1.036396101117134094e-01,-5.011207461357116699e-01,1.073525324463844299e-01,-5.815731734037399292e-02,-2.178511470556259155e-01,3.083479106426239014e-01,-1.462257504463195801e-01,-9.528375267982482910e-01,7.657217234373092651e-02,-2.277901768684387207e-01,1.871477514505386353e-01,2.577306628227233887e-01,-1.191024668514728546e-02,1.294313371181488037e-01,4.443503543734550476e-02,1.685653626918792725e-01,-4.712118506431579590e-01,1.035049557685852051e+00,3.934359177947044373e-02,-3.308014199137687683e-02,2.196593731641769409e-01,-4.818004742264747620e-02,-3.006367087364196777e-01,8.982911705970764160e-01,1.022292494773864746e+00,-2.552057430148124695e-02,-2.906097471714019775e-02,-1.327222734689712524e-01
-2.540835179388523102e-03,-1.196819730103015900e-02,7.755101919174194336e-01,9.721890687942504883e-01,2.585644088685512543e-02,3.416761523112654686e-03,2.327406108379364014e-01,-8.747081458568572998e-02,-1.018242239952087402e-01,-4.977163374423980713e-01,1.073628664016723633e-01,-5.826126784086227417e-02,-2.179933339357376099e-01,3.080431818962097168e-01,-1.470776945352554321e-01,-9.500496983528137207e-01,7.941406965255737305e-02,-2.295268028974533081e-01,1.858875900506973267e-01,2.550995051860809326e-01,-1.083797216415405273e-02,1.295275986194610596e-01,4.332158342003822327e-02,1.683804392814636230e-01,-4.727885425090789795e-01,1.035354375839233398e+00,4.138152673840522766e-02,-3.324908763170242310e-02,2.205963879823684692e-01,-4.668035730719566345e-02,-3.009570240974426270e-01,8.969530463218688965e-01,1.020533680915832520e+00,-2.453926391899585724e-02,-2.827914804220199585e-02,-1.339289993047714233e-01
-2.479121088981628418e-03,-1.267346180975437164e-02,7.755718827247619629e-01,9.726536870002746582e-01,2.618016861379146576e-02,2.619218314066529274e-03,2.307650595903396606e-01,-8.546105772256851196e-02,-9.985106438398361206e-02,-4.938673675060272217e-01,1.074580475687980652e-01,-5.882478877902030945e-02,-2.181165367364883423e-01,3.080228865146636963e-01,-1.479102075099945068e-01,-9.468711614608764648e-01,8.226926624774932861e-02,-2.312802970409393311e-01,1.843885332345962524e-01,2.526762187480926514e-01,-9.773801080882549286e-03,1.296715587377548218e-01,4.306229203939437866e-02,1.684292256832122803e-01,-4.743988811969757080e-01,1.035542964935302734e+00,4.287147149443626404e-02,-3.368931636214256287e-02,2.218939661979675293e-01,-4.449932277202606201e-02,-3.013213276863098145e-01,8.959040045738220215e-01,1.019328594207763672e+00,-2.483587339520454407e-02,-2.730095572769641876e-02,-1.349079757928848267e-01
-2.348624169826507568e-03,-1.332740206271409988e-02,7.756564617156982422e-01,9.731958508491516113e-01,2.649063989520072937e-02,1.730638556182384491e-03,2.284405082464218140e-01,-8.303717523813247681e-02,-9.776305407285690308e-02,-4.897350966930389404e-01,1.075575277209281921e-01,-5.956780537962913513e-02,-2.182064205408096313e-01,3.080898523330688477e-01,-1.486041992902755737e-01,-9.431391954421997070e-01,8.447898924350738525e-02,-2.325503230094909668e-01,1.831125169992446899e-01,2.508035600185394287e-01,-8.843053132295608521e-03,1.296759992837905884e-01,4.394922032952308655e-02,1.686538010835647583e-01,-4.754172563552856445e-01,1.036361217498779297e+00,4.297986999154090881e-02,-3.429888933897018433e-02,2.233321517705917358e-01,-4.154222086071968079e-02,-3.015201091766357422e-01,8.951544761657714844e-01,1.018940806388854980e+00,-2.608249150216579437e-02,-2.627072297036647797e-02,-1.354507058858871460e-01
-2.154878806322813034e-03,-1.391686126589775085e-02,7.757563591003417969e-01,9.738377928733825684e-01,2.678578719496726990e-02,7.564660627394914627e-04,2.256589978933334351e-01,-8.038356900215148926e-02,-9.548534452915191650e-02,-4.850449264049530029e-01,1.076350584626197815e-01,-6.031798571348190308e-02,-2.177950143814086914e-01,3.079720139503479004e-01,-1.491366326808929443e-01,-9.382563829421997070e-01,8.599853515625000000e-02,-2.332411110401153564e-01,1.816481500864028931e-01,2.494877278804779053e-01,-8.038186468183994293e-03,1.295327842235565186e-01,4.570104926824569702e-02,1.687948554754257202e-01,-4.755864739418029785e-01,1.037834644317626953e+00,4.110167548060417175e-02,-3.471157327294349670e-02,2.244788706302642822e-01,-3.775956854224205017e-02,-3.014436364173889160e-01,8.941507339477539062e-01,1.019112348556518555e+00,-2.843422815203666687e-02,-2.490871772170066833e-02,-1.353412717580795288e-01
-1.940438523888587952e-03,-1.442719623446464539e-02,7.758622765541076660e-01,9.745562672615051270e-01,2.707773819565773010e-02,-1.811927068047225475e-04,2.225014120340347290e-01,-7.768117636442184448e-02,-9.326231479644775391e-02,-4.801539182662963867e-01,1.077325344085693359e-01,-6.105255335569381714e-02,-2.167877405881881714e-01,3.078921437263488770e-01,-1.494528055191040039e-01,-9.325884580612182617e-01,8.656699955463409424e-02,-2.332172691822052002e-01,1.801428645849227905e-01,2.483971416950225830e-01,-7.409789133816957474e-03,1.290023475885391235e-01,4.780711978673934937e-02,1.687886416912078857e-01,-4.751664102077484131e-01,1.039769649505615234e+00,3.804648295044898987e-02,-3.509036824107170105e-02,2.252643108367919922e-01,-3.349338471889495850e-02,-3.007805049419403076e-01,8.924531340599060059e-01,1.020021796226501465e+00,-3.144321218132972717e-02,-2.318847179412841797e-02,-1.342730820178985596e-01
-1.716340659186244011e-03,-1.484339497983455658e-02,7.759630084037780762e-01,9.753438830375671387e-01,2.731433697044849396e-02,-1.079504960216581821e-03,2.189909666776657104e-01,-7.488188892602920532e-02,-9.088251739740371704e-02,-4.744282364845275879e-01,1.078424602746963501e-01,-6.235515326261520386e-02,-2.156072556972503662e-01,3.077802062034606934e-01,-1.494574546813964844e-01,-9.259142279624938965e-01,8.628170937299728394e-02,-2.327295243740081787e-01,1.786537021398544312e-01,2.471062690019607544e-01,-6.829488091170787811e-03,1.280661821365356445e-01,4.982430860400199890e-02,1.688933819532394409e-01,-4.748122692108154297e-01,1.041838049888610840e+00,3.537873551249504089e-02,-3.560785576701164246e-02,2.264663875102996826e-01,-2.903444506227970123e-02,-2.995937466621398926e-01,8.905202150344848633e-01,1.020984888076782227e+00,-3.444073721766471863e-02,-2.181042358279228210e-02,-1.328843981027603149e-01
-1.475795172154903412e-03,-1.519166678190231323e-02,7.760578989982604980e-01,9.762523174285888672e-01,2.749032527208328247e-02,-1.918170135468244553e-03,2.148768752813339233e-01,-7.179342210292816162e-02,-8.802328258752822876e-02,-4.671083390712738037e-01,1.079776287078857422e-01,-6.397968530654907227e-02,-2.142636626958847046e-01,3.073641955852508545e-01,-1.493202000856399536e-01,-9.175567626953125000e-01,8.570923656225204468e-02,-2.321370095014572144e-01,1.773343682289123535e-01,2.453743070363998413e-01,-6.161791738122701645e-03,1.270146220922470093e-01,5.148084834218025208e-02,1.691512912511825562e-01,-4.744741022586822510e-01,1.043810009956359863e+00,3.399070724844932556e-02,-3.609542548656463623e-02,2.279179543256759644e-01,-2.494063787162303925e-02,-2.979409694671630859e-01,8.885923027992248535e-01,1.021808028221130371e+00,-3.716505691409111023e-02,-2.109858207404613495e-02,-1.317725926637649536e-01
-1.233287970535457134e-03,-1.548774261027574539e-02,7.761369943618774414e-01,9.772681593894958496e-01,2.760305814445018768e-02,-2.657289849594235420e-03,2.101854532957077026e-01,-6.867479532957077026e-02,-8.475617319345474243e-02,-4.583486318588256836e-01,1.081868931651115417e-01,-6.577665358781814575e-02,-2.125001102685928345e-01,3.066901862621307373e-01,-1.490188688039779663e-01,-9.078826904296875000e-01,8.503281325101852417e-02,-2.316757440567016602e-01,1.761886030435562134e-01,2.429142892360687256e-01,-5.504020489752292633e-03,1.260974407196044922e-01,5.223168805241584778e-02,1.696037948131561279e-01,-4.740722477436065674e-01,1.045423984527587891e+00,3.372200950980186462e-02,-3.651673346757888794e-02,2.289152294397354126e-01,-2.162311226129531860e-02,-2.960286736488342285e-01,8.870102763175964355e-01,1.021882772445678711e+00,-3.814761713147163391e-02,-2.132200263440608978e-02,-1.311770230531692505e-01
-9.706378914415836334e-04,-1.578409038484096527e-02,7.762206196784973145e-01,9.784675836563110352e-01,2.764214016497135162e-02,-3.326052101328969002e-03,2.045140862464904785e-01,-6.534272432327270508e-02,-8.098417520523071289e-02,-4.481061697006225586e-01,1.085193455219268799e-01,-6.812854856252670288e-02,-2.100146412849426270e-01,3.054121136665344238e-01,-1.488516777753829956e-01,-8.965724706649780273e-01,8.472796529531478882e-02,-2.313956916332244873e-01,1.750411391258239746e-01,2.396159321069717407e-01,-4.836291540414094925e-03,1.252587437629699707e-01,5.227430164813995361e-02,1.703708022832870483e-01,-4.730976819992065430e-01,1.046055793762207031e+00,3.508057072758674622e-02,-3.691111132502555847e-02,2.290059179067611694e-01,-1.911312714219093323e-02,-2.936431169509887695e-01,8.856189250946044922e-01,1.021532535552978516e+00,-3.839633986353874207e-02,-2.210052311420440674e-02,-1.310105472803115845e-01
-6.952838739380240440e-04,-1.603311859071254730e-02,7.763065695762634277e-01,9.797771573066711426e-01,2.758261561393737793e-02,-3.873583395034074783e-03,1.981437206268310547e-01,-6.202293559908866882e-02,-7.680730521678924561e-02,-4.370575547218322754e-01,1.088039427995681763e-01,-7.097789645195007324e-02,-2.071715891361236572e-01,3.033583760261535645e-01,-1.489510089159011841e-01,-8.843515515327453613e-01,8.497978001832962036e-02,-2.313176691532135010e-01,1.736428439617156982e-01,2.356176823377609253e-01,-4.106679465621709824e-03,1.245712116360664368e-01,5.175017938017845154e-02,1.713266819715499878e-01,-4.719231426715850830e-01,1.045214653015136719e+00,3.654709458351135254e-02,-3.785807266831398010e-02,2.281358838081359863e-01,-1.768651977181434631e-02,-2.907018661499023438e-01,8.833948373794555664e-01,1.021123409271240234e+00,-3.734726831316947937e-02,-2.338393218815326691e-02,-1.309631317853927612e-01
-4.450501874089241028e-04,-1.624931395053863525e-02,7.763947248458862305e-01,9.810945391654968262e-01,2.736755833029747009e-02,-4.250931553542613983e-03,1.915370523929595947e-01,-5.918560177087783813e-02,-7.228947430849075317e-02,-4.255815744400024414e-01,1.088785305619239807e-01,-7.388396561145782471e-02,-2.040500044822692871e-01,3.006590604782104492e-01,-1.488205641508102417e-01,-8.718035817146301270e-01,8.523388206958770752e-02,-2.312104403972625732e-01,1.719749569892883301e-01,2.309017330408096313e-01,-3.423204878345131874e-03,1.240101531147956848e-01,5.062006786465644836e-02,1.724990159273147583e-01,-4.710638225078582764e-01,1.042888045310974121e+00,3.683394193649291992e-02,-3.931515291333198547e-02,2.271348387002944946e-01,-1.688708364963531494e-02,-2.875132262706756592e-01,8.794301152229309082e-01,1.020284533500671387e+00,-3.451797366142272949e-02,-2.519161999225616455e-02,-1.311432272195816040e-01
-1.940726069733500481e-04,-1.649786531925201416e-02,7.764824032783508301e-01,9.824049472808837891e-01,2.697979286313056946e-02,-4.555637948215007782e-03,1.847480833530426025e-01,-5.662320926785469055e-02,-6.726317107677459717e-02,-4.139284193515777588e-01,1.089092493057250977e-01,-7.686116546392440796e-02,-2.008536458015441895e-01,2.973214685916900635e-01,-1.483366489410400391e-01,-8.589093685150146484e-01,8.559294790029525757e-02,-2.310954928398132324e-01,1.698236167430877686e-01,2.253253459930419922e-01,-2.737375441938638687e-03,1.237298920750617981e-01,4.893829300999641418e-02,1.739766746759414673e-01,-4.705735146999359131e-01,1.039758443832397461e+00,3.563451021909713745e-02,-4.116976633667945862e-02,2.260621935129165649e-01,-1.639221236109733582e-02,-2.842854261398315430e-01,8.738223314285278320e-01,1.019047021865844727e+00,-3.022983111441135406e-02,-2.712624892592430115e-02,-1.309813112020492554e-01
7.725838804617524147e-05,-1.686703041195869446e-02,7.765812873840332031e-01,9.837107062339782715e-01,2.647249586880207062e-02,-4.828974138945341110e-03,1.777335405349731445e-01,-5.415302142500877380e-02,-6.180650740861892700e-02,-4.020834565162658691e-01,1.089555844664573669e-01,-7.991140335798263550e-02,-1.977707296609878540e-01,2.935715913772583008e-01,-1.473822891712188721e-01,-8.457121253013610840e-01,8.553680032491683960e-02,-2.308352291584014893e-01,1.675173789262771606e-01,2.188462466001510620e-01,-2.406227868050336838e-03,1.238435804843902588e-01,4.633370786905288696e-02,1.760111749172210693e-01,-4.714126288890838623e-01,1.037194967269897461e+00,3.400042280554771423e-02,-4.324455931782722473e-02,2.254262864589691162e-01,-1.575027965009212494e-02,-2.809551656246185303e-01,8.672109842300415039e-01,1.017350435256958008e+00,-2.516607195138931274e-02,-2.868976071476936340e-02,-1.307474821805953979e-01
3.053563414141535759e-04,-1.733446866273880005e-02,7.766559123992919922e-01,9.849626421928405762e-01,2.589149586856365204e-02,-5.157227162271738052e-03,1.707384139299392700e-01,-5.191935226321220398e-02,-5.618538707494735718e-02,-3.901039361953735352e-01,1.092554107308387756e-01,-8.291607350111007690e-02,-1.948571354150772095e-01,2.895891368389129639e-01,-1.463144719600677490e-01,-8.323215842247009277e-01,8.581991493701934814e-02,-2.309516072273254395e-01,1.649567037820816040e-01,2.114798873662948608e-01,-2.619737992063164711e-03,1.244548037648200989e-01,4.291779547929763794e-02,1.785185784101486206e-01,-4.743401110172271729e-01,1.036395668983459473e+00,3.221502527594566345e-02,-4.514762759208679199e-02,2.242158949375152588e-01,-1.492409873753786087e-02,-2.776184678077697754e-01,8.606426715850830078e-01,1.015563845634460449e+00,-1.970047503709793091e-02,-2.999248169362545013e-02,-1.308233290910720825e-01
4.355916753411293030e-04,-1.792191527783870697e-02,7.767202854156494141e-01,9.861713647842407227e-01,2.527613006532192230e-02,-5.634940229356288910e-03,1.636932641267776489e-01,-4.965085536241531372e-02,-5.035257339477539062e-02,-3.777928352355957031e-01,1.099876761436462402e-01,-8.588582277297973633e-02,-1.920121461153030396e-01,2.857323288917541504e-01,-1.452601999044418335e-01,-8.189461231231689453e-01,8.635380119085311890e-02,-2.310196906328201294e-01,1.623926460742950439e-01,2.036629766225814819e-01,-3.393416292965412140e-03,1.258418560028076172e-01,3.880323097109794617e-02,1.813778579235076904e-01,-4.790706932544708252e-01,1.037531375885009766e+00,3.138685971498489380e-02,-4.641984775662422180e-02,2.224381715059280396e-01,-1.426673028618097305e-02,-2.745142877101898193e-01,8.546910881996154785e-01,1.014080524444580078e+00,-1.500506792217493057e-02,-3.062774240970611572e-02,-1.310162544250488281e-01
4.474892339203506708e-04,-1.865064352750778198e-02,7.768257260322570801e-01,9.873696565628051758e-01,2.456810139119625092e-02,-6.294408347457647324e-03,1.563900560140609741e-01,-4.694684967398643494e-02,-4.417628049850463867e-02,-3.651635050773620605e-01,1.112980097532272339e-01,-8.888851106166839600e-02,-1.893916577100753784e-01,2.817972898483276367e-01,-1.440407633781433105e-01,-8.051941990852355957e-01,8.733336627483367920e-02,-2.311621606349945068e-01,1.595936268568038940e-01,1.959642320871353149e-01,-4.405118525028228760e-03,1.279674321413040161e-01,3.521511703729629517e-02,1.842090636491775513e-01,-4.844542741775512695e-01,1.040192127227783203e+00,3.183361887931823730e-02,-4.713525995612144470e-02,2.205600142478942871e-01,-1.424303557723760605e-02,-2.715819478034973145e-01,8.495579957962036133e-01,1.013284564018249512e+00,-1.248379424214363098e-02,-3.013334609568119049e-02,-1.309642493724822998e-01
3.664148971438407898e-04,-1.951479539275169373e-02,7.769594192504882812e-01,9.885384440422058105e-01,2.373572997748851776e-02,-7.055095862597227097e-03,1.489249020814895630e-01,-4.408346489071846008e-02,-3.764111921191215515e-02,-3.524988591670989990e-01,1.131542474031448364e-01,-9.223284572362899780e-02,-1.872796267271041870e-01,2.775091230869293213e-01,-1.426098644733428955e-01,-7.911595702171325684e-01,8.873996883630752563e-02,-2.313496619462966919e-01,1.566274315118789673e-01,1.890413463115692139e-01,-5.427836440503597260e-03,1.302807331085205078e-01,3.249385207891464233e-02,1.868910193443298340e-01,-4.901252388954162598e-01,1.043558120727539062e+00,3.300302848219871521e-02,-4.772577434778213501e-02,2.188985645771026611e-01,-1.472834311425685883e-02,-2.693015933036804199e-01,8.458554148674011230e-01,1.012665271759033203e+00,-1.202322170138359070e-02,-2.925722859799861908e-02,-1.311755776405334473e-01
1.990179880522191525e-04,-2.040628343820571899e-02,7.770821452140808105e-01,9.896839857101440430e-01,2.277413010597229004e-02,-7.797778118401765823e-03,1.412305384874343872e-01,-4.114634171128273010e-02,-3.085049241781234741e-02,-3.401679098606109619e-01,1.152629181742668152e-01,-9.585912525653839111e-02,-1.852798610925674438e-01,2.728466689586639404e-01,-1.410289406776428223e-01,-7.767038345336914062e-01,9.055513143539428711e-02,-2.316808998584747314e-01,1.535288244485855103e-01,1.834280192852020264e-01,-6.264361087232828140e-03,1.323408931493759155e-01,3.192437067627906799e-02,1.892424821853637695e-01,-4.949107170104980469e-01,1.046452045440673828e+00,3.302948176860809326e-02,-4.861594736576080322e-02,2.175755649805068970e-01,-1.559014711529016495e-02,-2.681340575218200684e-01,8.431063890457153320e-01,1.011904001235961914e+00,-1.372202858328819275e-02,-2.866614423692226410e-02,-1.318678259849548340e-01
-1.654424704611301422e-05,-2.118066698312759399e-02,7.772049307823181152e-01,9.908053874969482422e-01,2.171615138649940491e-02,-8.410073816776275635e-03,1.332755982875823975e-01,-3.808123618364334106e-02,-2.389936707913875580e-02,-3.279390037059783936e-01,1.170235276222229004e-01,-9.967744350433349609e-02,-1.835882216691970825e-01,2.677630186080932617e-01,-1.395263820886611938e-01,-7.617970108985900879e-01,9.268651902675628662e-02,-2.319229096174240112e-01,1.503904610872268677e-01,1.789174675941467285e-01,-6.780553609132766724e-03,1.336499899625778198e-01,3.388731926679611206e-02,1.911500394344329834e-01,-4.989202022552490234e-01,1.048793792724609375e+00,3.171599283814430237e-02,-4.994774237275123596e-02,2.160704284906387329e-01,-1.698295399546623230e-02,-2.681579887866973877e-01,8.403801321983337402e-01,1.011088371276855469e+00,-1.679027825593948364e-02,-2.862324379384517670e-02,-1.329251080751419067e-01
-2.433831105008721352e-04,-2.174169011414051056e-02,7.773310542106628418e-01,9.918650984764099121e-01,2.068731188774108887e-02,-8.795341476798057556e-03,1.252928823232650757e-01,-3.496767207980155945e-02,-1.723886281251907349e-02,-3.159382939338684082e-01,1.176466718316078186e-01,-1.030694544315338135e-01,-1.823028177022933960e-01,2.624514997005462646e-01,-1.382333338260650635e-01,-7.470021247863769531e-01,9.467758983373641968e-02,-2.314965277910232544e-01,1.476795077323913574e-01,1.754041165113449097e-01,-7.094575557857751846e-03,1.340004503726959229e-01,3.847455233335494995e-02,1.921011507511138916e-01,-5.013189911842346191e-01,1.050938963890075684e+00,2.845138870179653168e-02,-5.170948058366775513e-02,2.142103165388107300e-01,-1.811358891427516937e-02,-2.692163586616516113e-01,8.370074033737182617e-01,1.009945154190063477e+00,-1.812608353793621063e-02,-2.883212268352508545e-02,-1.335611194372177124e-01
-4.563631955534219742e-04,-2.209791541099548340e-02,7.774849534034729004e-01,9.928514957427978516e-01,1.972376182675361633e-02,-9.001426398754119873e-03,1.173699498176574707e-01,-3.187771514058113098e-02,-1.072532124817371368e-02,-3.036515712738037109e-01,1.170447319746017456e-01,-1.057830303907394409e-01,-1.815476566553115845e-01,2.567456364631652832e-01,-1.370341926813125610e-01,-7.321488261222839355e-01,9.629815071821212769e-02,-2.303398251533508301e-01,1.453268676996231079e-01,1.725988537073135376e-01,-7.261487189680337906e-03,1.332788318395614624e-01,4.565501213073730469e-02,1.923502236604690552e-01,-5.017369389533996582e-01,1.053094863891601562e+00,2.269111573696136475e-02,-5.399653315544128418e-02,2.118213921785354614e-01,-1.850589364767074585e-02,-2.707277238368988037e-01,8.331490159034729004e-01,1.008183956146240234e+00,-1.576900668442249298e-02,-2.905437909066677094e-02,-1.337956488132476807e-01
-6.625341484323143959e-04,-2.235662564635276794e-02,7.776828408241271973e-01,9.937690496444702148e-01,1.886022463440895081e-02,-9.126228280365467072e-03,1.094718948006629944e-01,-2.907453104853630066e-02,-4.552541300654411316e-03,-2.907044887542724609e-01,1.159394308924674988e-01,-1.081271097064018250e-01,-1.808673739433288574e-01,2.509424686431884766e-01,-1.357356458902359009e-01,-7.170364856719970703e-01,9.719765186309814453e-02,-2.288440018892288208e-01,1.434315294027328491e-01,1.702375710010528564e-01,-7.373433560132980347e-03,1.316546648740768433e-01,5.411930382251739502e-02,1.921814382076263428e-01,-5.013312697410583496e-01,1.055439829826354980e+00,1.477992907166481018e-02,-5.625852942466735840e-02,2.094235867261886597e-01,-1.750017330050468445e-02,-2.723554372787475586e-01,8.302274346351623535e-01,1.005887269973754883e+00,-1.047824043780565262e-02,-2.928899042308330536e-02,-1.333691775798797607e-01
-8.254041895270347595e-04,-2.254420518875122070e-02,7.778578996658325195e-01,9.945754408836364746e-01,1.817435584962368011e-02,-9.346203878521919250e-03,1.019902974367141724e-01,-2.636409364640712738e-02,8.639937732368707657e-04,-2.778874933719635010e-01,1.151638701558113098e-01,-1.108088120818138123e-01,-1.801511198282241821e-01,2.461216300725936890e-01,-1.345885694026947021e-01,-7.026668787002563477e-01,9.735348820686340332e-02,-2.273957878351211548e-01,1.423104852437973022e-01,1.679687350988388062e-01,-7.479650434106588364e-03,1.294621080160140991e-01,6.281854212284088135e-02,1.917274445295333862e-01,-5.015256404876708984e-01,1.058589935302734375e+00,6.986826658248901367e-03,-5.825562030076980591e-02,2.074327617883682251e-01,-1.518180966377258301e-02,-2.736787199974060059e-01,8.298602700233459473e-01,1.004020929336547852e+00,-7.132563740015029907e-03,-2.917750738561153412e-02,-1.327759921550750732e-01
-9.140520123764872551e-04,-2.270775102078914642e-02,7.779622077941894531e-01,9.952626824378967285e-01,1.767093129456043243e-02,-9.890940040349960327e-03,9.508984535932540894e-02,-2.285291627049446106e-02,5.594586487859487534e-03,-2.656132280826568604e-01,1.150641441345214844e-01,-1.140259429812431335e-01,-1.796185225248336792e-01,2.428820431232452393e-01,-1.337985396385192871e-01,-6.895802021026611328e-01,9.724956005811691284e-02,-2.264760881662368774e-01,1.414998024702072144e-01,1.654568910598754883e-01,-7.450209930539131165e-03,1.274039745330810547e-01,7.098253071308135986e-02,1.910296827554702759e-01,-5.029819607734680176e-01,1.062404751777648926e+00,1.731667580315843225e-04,-5.998249351978302002e-02,2.057499140501022339e-01,-1.218362152576446533e-02,-2.743736505508422852e-01,8.324506878852844238e-01,1.003546714782714844e+00,-7.284512743353843689e-03,-2.857248857617378235e-02,-1.319312155246734619e-01
-9.116842411458492279e-04,-2.290299721062183380e-02,7.779715061187744141e-01,9.958486557006835938e-01,1.727297715842723846e-02,-1.072168163955211639e-02,8.872427046298980713e-02,-1.841087453067302704e-02,9.820952080190181732e-03,-2.545891702175140381e-01,1.155164912343025208e-01,-1.172954291105270386e-01,-1.791158467531204224e-01,2.409978508949279785e-01,-1.331065446138381958e-01,-6.782287359237670898e-01,9.701674431562423706e-02,-2.260011881589889526e-01,1.408274620771408081e-01,1.625300049781799316e-01,-7.185652852058410645e-03,1.256399154663085938e-01,7.844390720129013062e-02,1.899508833885192871e-01,-5.057976841926574707e-01,1.066679000854492188e+00,-5.563063081353902817e-03,-6.119423732161521912e-02,2.040915042161941528e-01,-8.536362089216709137e-03,-2.742861807346343994e-01,8.380487561225891113e-01,1.004768490791320801e+00,-1.041526906192302704e-02,-2.733159810304641724e-02,-1.301895380020141602e-01
-8.170744404196739197e-04,-2.316325716674327850e-02,7.779332995414733887e-01,9.963300824165344238e-01,1.694422401487827301e-02,-1.171255670487880707e-02,8.307942748069763184e-02,-1.375837344676256180e-02,1.361186895519495010e-02,-2.452467679977416992e-01,1.165101602673530579e-01,-1.202423050999641418e-01,-1.787787526845932007e-01,2.397525161504745483e-01,-1.324430555105209351e-01,-6.687302589416503906e-01,9.690248966217041016e-02,-2.259657979011535645e-01,1.398371607065200806e-01,1.591893285512924194e-01,-6.651593837887048721e-03,1.241869777441024780e-01,8.485139161348342896e-02,1.886354535818099976e-01,-5.096080899238586426e-01,1.070696115493774414e+00,-1.140528172254562378e-02,-6.145816668868064880e-02,2.021621763706207275e-01,-4.864920396357774734e-03,-2.731299698352813721e-01,8.457242250442504883e-01,1.008005619049072266e+00,-1.566627994179725647e-02,-2.550471387803554535e-02,-1.273494958877563477e-01
-6.394837982952594757e-04,-2.350580133497714996e-02,7.778644561767578125e-01,9.967366456985473633e-01,1.667274534702301025e-02,-1.284278091043233871e-02,7.793046534061431885e-02,-9.324679151177406311e-03,1.712315715849399567e-02,-2.366009056568145752e-01,1.179361790418624878e-01,-1.229074820876121521e-01,-1.781815737485885620e-01,2.390502095222473145e-01,-1.315394788980484009e-01,-6.600881218910217285e-01,9.683642536401748657e-02,-2.263701260089874268e-01,1.385442465543746948e-01,1.555650681257247925e-01,-6.001145113259553909e-03,1.230405867099761963e-01,8.971963822841644287e-02,1.872922331094741821e-01,-5.140857100486755371e-01,1.074210643768310547e+00,-1.878387480974197388e-02,-6.093465536832809448e-02,2.001545578241348267e-01,-1.735007157549262047e-03,-2.708139419555664062e-01,8.548596501350402832e-01,1.013341665267944336e+00,-2.058717608451843262e-02,-2.344023622572422028e-02,-1.233320981264114380e-01
-4.296718398109078407e-04,-2.390055917203426361e-02,7.778032422065734863e-01,9.970931410789489746e-01,1.641876623034477234e-02,-1.398516725748777390e-02,7.307583838701248169e-02,-5.647487938404083252e-03,2.049456909298896790e-02,-2.284409850835800171e-01,1.194432452321052551e-01,-1.250417977571487427e-01,-1.771942675113677979e-01,2.385093569755554199e-01,-1.304561644792556763e-01,-6.519133448600769043e-01,9.675472229719161987e-02,-2.267871797084808350e-01,1.369264125823974609e-01,1.519068181514739990e-01,-5.281667225062847137e-03,1.221847310662269592e-01,9.236077964305877686e-02,1.861566305160522461e-01,-5.190230607986450195e-01,1.077016234397888184e+00,-2.719109691679477692e-02,-6.040665134787559509e-02,1.984753906726837158e-01,5.911788321100175381e-04,-2.678139507770538330e-01,8.645269274711608887e-01,1.019857764244079590e+00,-2.618797495961189270e-02,-2.134270034730434418e-02,-1.183502823114395142e-01
-2.669463865458965302e-04,-2.433881163597106934e-02,7.777714729309082031e-01,9.974219799041748047e-01,1.612888649106025696e-02,-1.501418557018041611e-02,6.829199939966201782e-02,-2.685733605176210403e-03,2.365048974752426147e-02,-2.212074697017669678e-01,1.207019239664077759e-01,-1.266463845968246460e-01,-1.764866709709167480e-01,2.376477122306823730e-01,-1.292832791805267334e-01,-6.442180871963500977e-01,9.676939249038696289e-02,-2.268455028533935547e-01,1.351555883884429932e-01,1.483608782291412354e-01,-4.451550077646970749e-03,1.214080005884170532e-01,9.314004331827163696e-02,1.852843165397644043e-01,-5.232464075088500977e-01,1.079191565513610840e+00,-3.574298694729804993e-02,-6.059255823493003845e-02,1.970021426677703857e-01,2.026313683018088341e-03,-2.646436095237731934e-01,8.726184368133544922e-01,1.026565551757812500e+00,-3.099752217531204224e-02,-1.975166425108909607e-02,-1.134402975440025330e-01
-1.924472744576632977e-04,-2.483327127993106842e-02,7.777618169784545898e-01,9.977226257324218750e-01,1.587214879691600800e-02,-1.590615138411521912e-02,6.359791010618209839e-02,-2.521901915315538645e-04,2.635077200829982758e-02,-2.143612354993820190e-01,1.217084825038909912e-01,-1.278830170631408691e-01,-1.757639944553375244e-01,2.367807924747467041e-01,-1.282864212989807129e-01,-6.375373601913452148e-01,9.686408191919326782e-02,-2.264387756586074829e-01,1.337789297103881836e-01,1.449709236621856689e-01,-3.814967814832925797e-03,1.209385022521018982e-01,9.211024641990661621e-02,1.847174763679504395e-01,-5.262385606765747070e-01,1.081144213676452637e+00,-4.307072609663009644e-02,-6.107971444725990295e-02,1.953545510768890381e-01,2.662549493834376335e-03,-2.620130181312561035e-01,8.787984251976013184e-01,1.032184004783630371e+00,-3.461828827857971191e-02,-1.856569200754165649e-02,-1.101717203855514526e-01
-1.427581300958991051e-04,-2.533197030425071716e-02,7.777813076972961426e-01,9.979838728904724121e-01,1.566746644675731659e-02,-1.666692458093166351e-02,5.920292064547538757e-02,1.933469437062740326e-03,2.857178263366222382e-02,-2.079740464687347412e-01,1.226729080080986023e-01,-1.290132254362106323e-01,-1.750231534242630005e-01,2.361032515764236450e-01,-1.276692748069763184e-01,-6.323633790016174316e-01,9.708673506975173950e-02,-2.256013602018356323e-01,1.323832422494888306e-01,1.414121240377426147e-01,-3.410467877984046936e-03,1.205970644950866699e-01,9.061034023761749268e-02,1.847822666168212891e-01,-5.282189846038818359e-01,1.083145618438720703e+00,-4.707232862710952759e-02,-6.155876070261001587e-02,1.937434226274490356e-01,2.791533945128321648e-03,-2.601759731769561768e-01,8.830936551094055176e-01,1.036860823631286621e+00,-3.830155357718467712e-02,-1.738386973738670349e-02,-1.089617908000946045e-01
-4.632619675248861313e-05,-2.571443468332290649e-02,7.778707146644592285e-01,9.982137680053710938e-01,1.557044032961130142e-02,-1.726409420371055603e-02,5.503419786691665649e-02,3.630086546763777733e-03,3.026647120714187622e-02,-2.022787034511566162e-01,1.235746294260025024e-01,-1.299790143966674805e-01,-1.737479418516159058e-01,2.351228892803192139e-01,-1.276092082262039185e-01,-6.282506585121154785e-01,9.732190519571304321e-02,-2.243451923131942749e-01,1.306418776512145996e-01,1.378692388534545898e-01,-3.319665556773543358e-03,1.201977059245109558e-01,8.898346871137619019e-02,1.854994148015975952e-01,-5.288529396057128906e-01,1.085687279701232910e+00,-4.859873652458190918e-02,-6.168125942349433899e-02,1.926013678312301636e-01,3.042660187929868698e-03,-2.591246962547302246e-01,8.848443031311035156e-01,1.041189908981323242e+00,-4.247032478451728821e-02,-1.577095128595829010e-02,-1.093830764293670654e-01
